image_id,land_type,dominant_percentage,source,original_filename
711893,Forest,100.00%,DeepGlobe Land Cover Challenge (DigitalGlobe),711893_sat.jpg
76759,Forest,98.26%,DeepGlobe Land Cover Challenge (DigitalGlobe),76759_sat.jpg
873132,Forest,98.20%,DeepGlobe Land Cover Challenge (DigitalGlobe),873132_sat.jpg
858771,Forest,98.06%,DeepGlobe Land Cover Challenge (DigitalGlobe),858771_sat.jpg
870705,Forest,97.51%,DeepGlobe Land Cover Challenge (DigitalGlobe),870705_sat.jpg
338661,Forest,97.41%,DeepGlobe Land Cover Challenge (DigitalGlobe),338661_sat.jpg
698628,Forest,96.70%,DeepGlobe Land Cover Challenge (DigitalGlobe),698628_sat.jpg
345134,Forest,96.03%,DeepGlobe Land Cover Challenge (DigitalGlobe),345134_sat.jpg
850510,Forest,95.87%,DeepGlobe Land Cover Challenge (DigitalGlobe),850510_sat.jpg
981253,Forest,95.42%,DeepGlobe Land Cover Challenge (DigitalGlobe),981253_sat.jpg
174980,Forest,95.11%,DeepGlobe Land Cover Challenge (DigitalGlobe),174980_sat.jpg
215525,Forest,95.10%,DeepGlobe Land Cover Challenge (DigitalGlobe),215525_sat.jpg
986342,Forest,95.01%,DeepGlobe Land Cover Challenge (DigitalGlobe),986342_sat.jpg
810368,Forest,94.70%,DeepGlobe Land Cover Challenge (DigitalGlobe),810368_sat.jpg
563092,Forest,93.89%,DeepGlobe Land Cover Challenge (DigitalGlobe),563092_sat.jpg
565914,Forest,92.00%,DeepGlobe Land Cover Challenge (DigitalGlobe),565914_sat.jpg
586222,Forest,91.97%,DeepGlobe Land Cover Challenge (DigitalGlobe),586222_sat.jpg
499418,Forest,91.67%,DeepGlobe Land Cover Challenge (DigitalGlobe),499418_sat.jpg
715846,Forest,91.20%,DeepGlobe Land Cover Challenge (DigitalGlobe),715846_sat.jpg
71125,Forest,90.48%,DeepGlobe Land Cover Challenge (DigitalGlobe),71125_sat.jpg
515521,Water,88.94%,DeepGlobe Land Cover Challenge (DigitalGlobe),515521_sat.jpg
753408,Water,87.41%,DeepGlobe Land Cover Challenge (DigitalGlobe),753408_sat.jpg
19627,Water,86.84%,DeepGlobe Land Cover Challenge (DigitalGlobe),19627_sat.jpg
7892,Water,84.42%,DeepGlobe Land Cover Challenge (DigitalGlobe),7892_sat.jpg
911457,Water,82.76%,DeepGlobe Land Cover Challenge (DigitalGlobe),911457_sat.jpg
855,Water,81.60%,DeepGlobe Land Cover Challenge (DigitalGlobe),855_sat.jpg
420078,Water,79.02%,DeepGlobe Land Cover Challenge (DigitalGlobe),420078_sat.jpg
416381,Water,63.08%,DeepGlobe Land Cover Challenge (DigitalGlobe),416381_sat.jpg
924236,Water,60.95%,DeepGlobe Land Cover Challenge (DigitalGlobe),924236_sat.jpg
794214,Water,55.10%,DeepGlobe Land Cover Challenge (DigitalGlobe),794214_sat.jpg
513968,Water,54.41%,DeepGlobe Land Cover Challenge (DigitalGlobe),513968_sat.jpg
194156,Water,47.10%,DeepGlobe Land Cover Challenge (DigitalGlobe),194156_sat.jpg
499266,Water,39.22%,DeepGlobe Land Cover Challenge (DigitalGlobe),499266_sat.jpg
343016,Water,35.55%,DeepGlobe Land Cover Challenge (DigitalGlobe),343016_sat.jpg
78430,Water,35.37%,DeepGlobe Land Cover Challenge (DigitalGlobe),78430_sat.jpg
428597,Water,34.40%,DeepGlobe Land Cover Challenge (DigitalGlobe),428597_sat.jpg
606,Water,39.76%,DeepGlobe Land Cover Challenge (DigitalGlobe),606_sat.jpg
949235,Water,39.22%,DeepGlobe Land Cover Challenge (DigitalGlobe),949235_sat.jpg
723719,Water,37.03%,DeepGlobe Land Cover Challenge (DigitalGlobe),723719_sat.jpg
321711,Water,37.00%,DeepGlobe Land Cover Challenge (DigitalGlobe),321711_sat.jpg
277644,Agriculture,100.00%,DeepGlobe Land Cover Challenge (DigitalGlobe),277644_sat.jpg
838873,Agriculture,100.00%,DeepGlobe Land Cover Challenge (DigitalGlobe),838873_sat.jpg
902350,Agriculture,100.00%,DeepGlobe Land Cover Challenge (DigitalGlobe),902350_sat.jpg
585043,Agriculture,99.96%,DeepGlobe Land Cover Challenge (DigitalGlobe),585043_sat.jpg
617844,Agriculture,99.94%,DeepGlobe Land Cover Challenge (DigitalGlobe),617844_sat.jpg
239955,Agriculture,99.92%,DeepGlobe Land Cover Challenge (DigitalGlobe),239955_sat.jpg
699650,Agriculture,99.90%,DeepGlobe Land Cover Challenge (DigitalGlobe),699650_sat.jpg
898741,Agriculture,99.81%,DeepGlobe Land Cover Challenge (DigitalGlobe),898741_sat.jpg
908837,Agriculture,99.81%,DeepGlobe Land Cover Challenge (DigitalGlobe),908837_sat.jpg
650751,Agriculture,99.72%,DeepGlobe Land Cover Challenge (DigitalGlobe),650751_sat.jpg
875409,Agriculture,99.71%,DeepGlobe Land Cover Challenge (DigitalGlobe),875409_sat.jpg
293776,Agriculture,99.69%,DeepGlobe Land Cover Challenge (DigitalGlobe),293776_sat.jpg
919602,Agriculture,99.68%,DeepGlobe Land Cover Challenge (DigitalGlobe),919602_sat.jpg
58910,Agriculture,99.65%,DeepGlobe Land Cover Challenge (DigitalGlobe),58910_sat.jpg
923618,Agriculture,99.57%,DeepGlobe Land Cover Challenge (DigitalGlobe),923618_sat.jpg
461755,Agriculture,99.45%,DeepGlobe Land Cover Challenge (DigitalGlobe),461755_sat.jpg
557439,Agriculture,99.39%,DeepGlobe Land Cover Challenge (DigitalGlobe),557439_sat.jpg
763075,Agriculture,99.35%,DeepGlobe Land Cover Challenge (DigitalGlobe),763075_sat.jpg
10233,Agriculture,99.33%,DeepGlobe Land Cover Challenge (DigitalGlobe),10233_sat.jpg
269601,Agriculture,99.30%,DeepGlobe Land Cover Challenge (DigitalGlobe),269601_sat.jpg
707319,Urban,99.50%,DeepGlobe Land Cover Challenge (DigitalGlobe),707319_sat.jpg
552001,Urban,98.33%,DeepGlobe Land Cover Challenge (DigitalGlobe),552001_sat.jpg
626323,Urban,96.27%,DeepGlobe Land Cover Challenge (DigitalGlobe),626323_sat.jpg
312676,Urban,94.67%,DeepGlobe Land Cover Challenge (DigitalGlobe),312676_sat.jpg
309818,Urban,94.31%,DeepGlobe Land Cover Challenge (DigitalGlobe),309818_sat.jpg
351228,Urban,94.23%,DeepGlobe Land Cover Challenge (DigitalGlobe),351228_sat.jpg
181447,Urban,93.66%,DeepGlobe Land Cover Challenge (DigitalGlobe),181447_sat.jpg
104113,Urban,92.47%,DeepGlobe Land Cover Challenge (DigitalGlobe),104113_sat.jpg
504704,Urban,89.89%,DeepGlobe Land Cover Challenge (DigitalGlobe),504704_sat.jpg
946475,Urban,87.41%,DeepGlobe Land Cover Challenge (DigitalGlobe),946475_sat.jpg
557309,Urban,86.33%,DeepGlobe Land Cover Challenge (DigitalGlobe),557309_sat.jpg
340798,Urban,84.99%,DeepGlobe Land Cover Challenge (DigitalGlobe),340798_sat.jpg
772130,Urban,84.97%,DeepGlobe Land Cover Challenge (DigitalGlobe),772130_sat.jpg
547201,Urban,84.08%,DeepGlobe Land Cover Challenge (DigitalGlobe),547201_sat.jpg
26261,Urban,83.73%,DeepGlobe Land Cover Challenge (DigitalGlobe),26261_sat.jpg
903649,Urban,83.57%,DeepGlobe Land Cover Challenge (DigitalGlobe),903649_sat.jpg
437963,Urban,81.53%,DeepGlobe Land Cover Challenge (DigitalGlobe),437963_sat.jpg
930028,Urban,80.90%,DeepGlobe Land Cover Challenge (DigitalGlobe),930028_sat.jpg
588542,Urban,80.74%,DeepGlobe Land Cover Challenge (DigitalGlobe),588542_sat.jpg
159177,Urban,79.92%,DeepGlobe Land Cover Challenge (DigitalGlobe),159177_sat.jpg
375563,Barren,99.81%,DeepGlobe Land Cover Challenge (DigitalGlobe),375563_sat.jpg
706996,Barren,98.67%,DeepGlobe Land Cover Challenge (DigitalGlobe),706996_sat.jpg
413779,Barren,98.49%,DeepGlobe Land Cover Challenge (DigitalGlobe),413779_sat.jpg
200561,Barren,96.51%,DeepGlobe Land Cover Challenge (DigitalGlobe),200561_sat.jpg
166805,Barren,96.27%,DeepGlobe Land Cover Challenge (DigitalGlobe),166805_sat.jpg
775304,Barren,95.33%,DeepGlobe Land Cover Challenge (DigitalGlobe),775304_sat.jpg
324170,Barren,95.30%,DeepGlobe Land Cover Challenge (DigitalGlobe),324170_sat.jpg
572237,Barren,95.22%,DeepGlobe Land Cover Challenge (DigitalGlobe),572237_sat.jpg
430587,Barren,95.18%,DeepGlobe Land Cover Challenge (DigitalGlobe),430587_sat.jpg
468103,Barren,93.40%,DeepGlobe Land Cover Challenge (DigitalGlobe),468103_sat.jpg
549959,Barren,93.14%,DeepGlobe Land Cover Challenge (DigitalGlobe),549959_sat.jpg
333661,Barren,92.90%,DeepGlobe Land Cover Challenge (DigitalGlobe),333661_sat.jpg
114577,Barren,90.88%,DeepGlobe Land Cover Challenge (DigitalGlobe),114577_sat.jpg
68078,Barren,88.59%,DeepGlobe Land Cover Challenge (DigitalGlobe),68078_sat.jpg
829962,Barren,88.52%,DeepGlobe Land Cover Challenge (DigitalGlobe),829962_sat.jpg
40168,Barren,88.35%,DeepGlobe Land Cover Challenge (DigitalGlobe),40168_sat.jpg
910525,Barren,87.53%,DeepGlobe Land Cover Challenge (DigitalGlobe),910525_sat.jpg
43814,Barren,85.05%,DeepGlobe Land Cover Challenge (DigitalGlobe),43814_sat.jpg
211739,Barren,84.25%,DeepGlobe Land Cover Challenge (DigitalGlobe),211739_sat.jpg
176506,Barren,83.56%,DeepGlobe Land Cover Challenge (DigitalGlobe),176506_sat.jpg
